====================================
=  England

##  note: use history log by season (instead of by year) - why? why not?


== 1958/9
RENAME      Scunthorpe & Lindsey United FC, Scunthorpe  ⇒  Scunthorpe United FC

== 1946/7
RENAME      Clapton Orient FC, London  ⇒  Leyton Orient FC

== 1945/6
RENAME      Birmingham FC, Birmingham ⇒ Birmingham City FC

== 1930/1
MOVE        South Shields FC, South Shields  ⇒  Gateshead FC, Gateshead

== 1929/30
RENAME     The Wednesday FC, Sheffield  ⇒  Sheffield Wednesday

== 1927/8
RENAME     The Arsenal FC, London  ⇒  Arsenal FC

== 1925/6
RENAME      Millwall Athletic FC, London ⇒  Millwall FC
            Stoke FC, Stoke-on-Trent     ⇒  Stoke City FC

MERGE       Rotherham County FC, Rotherham
            Rotherham Town FC,   Rotherham
              ⇒ Rotherham United FC

== 1914/5
RENAME     Woolwich Arsenal FC, London  ⇒  The Arsenal FC


== 1911/2
REFORM     Burslem Port Vale FC, Burslem  ⇒  Port Vale FC, Stoke-on-Trent
## the towns of Burslem having been merged in 1910 with the towns of Fenton, Hanley,
## Longton, Stoke-upon-Trent and Tunstall as the city of Stoke-on-Trent

== 1909/10
RENAME      Chesterfield Town FC, Chesterfield ⇒  Chesterfield FC

== 1905/6
RENAME      Chesterfield FC, Chesterfield ⇒ Chesterfield Town FC
            Small Heath FC, Birmingham    ⇒ Birmingham FC

== 1902/3
REFORM      Newton Heath FC, Manchester  ⇒  Manchester United

== 1901/2
MERGE       Burton Swifts FC,    Burton-upon-Trent
            Burton Wanderers FC, Burton-upon-Trent
              ⇒ Burton United FC

BANKRUPT    Newton Heath FC, Manchester


== 1899/00
RENAME     Barnsley St. Peter's FC, Barnsley  ⇒  Barnsley FC

MERGE      Blackpool FC,   Blackpool
           South Shore FC, Blackpool
             ⇒ Blackpool FC

== 1898/9
RENAME     Glossop North End FC, Glossop  ⇒  Glossop FC

== 1895/6
RENAME      Walsall Town Swifts FC, Walsall ⇒ Walsall FC

== 1894/5
REFORM      Ardwick FC, Manchester ⇒ Manchester City FC

== 1893/4
BANKRUPT    Ardwick FC, Manchester

MERGE      Newcastle West End FC, Newcastle-upon-Tyne
           Newcastle East End FC, Newcastle-upon-Tyne
            ⇒ Newcastle United FC

== 1892/3
RENAME     Royal Arsenal FC, London  ⇒  Woolwich Arsenal FC

